CICS,108
CICS,256
CICS,290A
CICS,291T
CICS,297DP
CICS,298A
CICS,305
CICS,397A
CICS,398T
CICS,580
CICS,598T
COMPSCI,119
COMPSCI,121
COMPSCI,186
COMPSCI,187
COMPSCI,198C
COMPSCI,220
COMPSCI,230
COMPSCI,240
COMPSCI,250
COMPSCI,311
COMPSCI,320
COMPSCI,325
COMPSCI,326
COMPSCI,335
COMPSCI,345
COMPSCI,360
COMPSCI,365
COMPSCI,377
COMPSCI,383
COMPSCI,391L
COMPSCI,403
COMPSCI,420
COMPSCI,429
COMPSCI,445
COMPSCI,446
COMPSCI,453
COMPSCI,461
COMPSCI,490A
COMPSCI,497S
COMPSCI,514
COMPSCI,520
COMPSCI,532
COMPSCI,560
COMPSCI,563
COMPSCI,575
COMPSCI,576
COMPSCI,589
COMPSCI,590OP
COMPSCI,590T
COMPSCI,611
COMPSCI,646
COMPSCI,653
COMPSCI,660
COMPSCI,661
COMPSCI,670
COMPSCI,677
COMPSCI,687
COMPSCI,689
COMPSCI,690C
COMPSCI,690F
COMPSCI,690Q
COMPSCI,692V
COMPSCI,701
COMPSCI,701Y
COMPSCI,879
COMPSCI,891M
COMPSCI,H311
COMPSCI,H377
COMPSCI,H589
INFO,101
INFO,150
INFO,190S
INFO,190T
INFO,203
